dataset,model,fold_id,status,train_time_sec,inference_time_sec,inference_ms_per_sample,throughput_samples_sec,inference_repeats,test_samples,param_count,model_size_mb_fp32
NASA,Trend_Prior_l1,test_B0005,ok,1.375097781419754e-06,1.584179699420929e-06,1.0422234864611374e-05,95948710.90417401,5,152,0.0,0.0
NASA,Trend_Prior_l2,test_B0005,ok,6.249174475669861e-07,0.0021291670855134726,0.014007678194167582,71389.41844169243,5,152,0.0,0.0
NASA,LSTM,test_B0005,ok,0.14426050009205937,0.0031850419472903013,0.020954223337436195,47723.07634105578,5,152,28657.0,0.10931777954101562
NASA,GRU,test_B0005,ok,0.1212177500128746,0.0021476249676197767,0.014129111629077479,70775.85811849745,5,152,21505.0,0.08203506469726562
NASA,Transformer,test_B0005,ok,0.08824312500655651,0.0033436669036746025,0.021997808576806596,45459.07363946928,5,152,12801.0,0.048831939697265625
NASA,DNN,test_B0005,ok,0.015282167121767998,9.02500469237566e-05,0.0005937503087089249,1684209.650643283,5,152,5313.0,0.020267486572265625
NASA,CNN1D,test_B0005,ok,0.11445429199375212,0.003477458143606782,0.022878014102676196,43710.08757630861,5,152,12065.0,0.046024322509765625
NASA,XGBoost,test_B0005,ok,0.030867082998156548,0.00012274994514882565,0.000807565428610695,1238289.7590358246,5,152,0.0,0.0
NASA,LightGBM,test_B0005,ok,0.008814041037112474,0.0006315831560641527,0.00415515234252732,240665.0629304634,5,152,0.0,0.0
NASA,Ours,test_B0005,ok,1.550846541998908,0.03714716690592468,0.24438925596003078,4091.832908413729,5,152,58273.0,0.22229385375976562
NASA,Trend_Prior_l1,test_B0006,ok,6.2515027821064e-07,1.3331882655620575e-06,8.770975431329325e-06,114012404.64407964,5,152,0.0,0.0
NASA,Trend_Prior_l2,test_B0006,ok,3.7509016692638397e-07,0.001939333975315094,0.012758776153388777,78377.42334984038,5,152,0.0,0.0
NASA,LSTM,test_B0006,ok,0.14443850005045533,0.0029900420922785997,0.019671329554464472,50835.404756515134,5,152,28657.0,0.10931777954101562
NASA,GRU,test_B0006,ok,0.11908116610720754,0.0021085001062601805,0.013871711225395924,72089.15927901016,5,152,21505.0,0.08203506469726562
NASA,Transformer,test_B0006,ok,0.0809022921603173,0.0030257501639425755,0.019906251078569574,50235.47608502575,5,152,12801.0,0.048831939697265625
NASA,DNN,test_B0006,ok,0.008412959054112434,6.654113531112671e-05,0.00043777062704688623,2284301.271526145,5,152,5313.0,0.020267486572265625
NASA,CNN1D,test_B0006,ok,0.08442970900796354,0.0027758751530200243,0.018262336533026474,54757.50587508628,5,152,12065.0,0.046024322509765625
NASA,XGBoost,test_B0006,ok,0.017549125012010336,0.00011658412404358387,0.0007670008160762096,1303779.5775964851,5,152,0.0,0.0
NASA,LightGBM,test_B0006,ok,0.007199625018984079,0.0003339999821037054,0.0021973683033138514,455089.84474377823,5,152,0.0,0.0
NASA,Ours,test_B0006,ok,1.7224061251617968,0.0358702908270061,0.23598875544082962,4237.490036895991,5,152,58273.0,0.22229385375976562
NASA,Trend_Prior_l1,test_B0007,ok,3.3665914088487625e-05,1.3331882655620575e-06,8.770975431329325e-06,114012404.64407964,5,152,0.0,0.0
NASA,Trend_Prior_l2,test_B0007,ok,3.3387914299964905e-07,0.0019292079377919436,0.012692157485473313,78788.81121232071,5,152,0.0,0.0
NASA,LSTM,test_B0007,ok,0.14047141722403467,0.003289500018581748,0.021641447490669395,46207.63007793934,5,152,28657.0,0.10931777954101562
NASA,GRU,test_B0007,ok,0.13056645798496902,0.00209854100830853,0.013806190844135065,72431.27458467697,5,152,21505.0,0.08203506469726562
NASA,Transformer,test_B0007,ok,0.09338404098525643,0.0035894589964300394,0.02361486181861868,42346.21433234766,5,152,12801.0,0.048831939697265625
NASA,DNN,test_B0007,ok,0.009161208057776093,6.0542020946741104e-05,0.0003983027693864546,2510652.8923723013,5,152,5313.0,0.020267486572265625
NASA,CNN1D,test_B0007,ok,0.09673316706903279,0.002823792165145278,0.018577580033850512,53828.32415082501,5,152,12065.0,0.046024322509765625
NASA,XGBoost,test_B0007,ok,0.017857207916676998,0.00010104198008775711,0.0006647498689984021,1504325.2306416081,5,152,0.0,0.0
NASA,LightGBM,test_B0007,ok,0.009374584071338177,0.00034883315674960613,0.00229495497861583,435738.39544474904,5,152,0.0,0.0
NASA,Ours,test_B0007,ok,0.9333843749482185,0.009428499964997172,0.062029605032876134,16121.334312381852,5,152,4033.0,0.015384674072265625
NASA,Trend_Prior_l1,test_B0018,ok,7.080379873514175e-07,1.1669471859931946e-06,1.0059889534424091e-05,99404670.05905826,5,116,0.0,0.0
NASA,Trend_Prior_l2,test_B0018,ok,3.748573362827301e-07,0.0014619999565184116,0.01260344790102079,79343.36761284244,5,116,0.0,0.0
NASA,LSTM,test_B0018,ok,0.13618937507271767,0.0023495000787079334,0.020254311023344254,49372.20519855959,5,116,28657.0,0.10931777954101562
NASA,GRU,test_B0018,ok,0.11959287500940263,0.0017353328876197338,0.014959766272583911,66845.96415337417,5,116,21505.0,0.08203506469726562
NASA,Transformer,test_B0018,ok,0.08467324986122549,0.00230320799164474,0.019855241307282244,50364.53521384468,5,116,12801.0,0.048831939697265625
NASA,DNN,test_B0018,ok,0.00800937507301569,5.683302879333496e-05,0.0004899399033908186,2041066.6554798111,5,116,5313.0,0.020267486572265625
NASA,CNN1D,test_B0018,ok,0.09218379086814821,0.0020660418085753918,0.017810705246339584,56146.00804229904,5,116,12065.0,0.046024322509765625
NASA,XGBoost,test_B0018,ok,0.01670645782724023,9.429198689758778e-05,0.0008128619560136877,1230221.1865149229,5,116,0.0,0.0
NASA,LightGBM,test_B0018,ok,0.008314542006701231,0.00034204195253551006,0.002948637521857845,339139.6848839972,5,116,0.0,0.0
NASA,Ours,test_B0018,ok,1.5884547079913318,0.025729333981871605,0.22180460329199658,4508.47270596788,5,116,58273.0,0.22229385375976562
CALCE,Trend_Prior_l1,test_CS2_35,ok,8.33999365568161e-07,2.7080532163381577e-06,3.127082235956302e-06,319786921.0159058,5,866,0.0,0.0
CALCE,Trend_Prior_l2,test_CS2_35,ok,3.3294782042503357e-07,0.010568417143076658,0.012203714945816003,81942.26138843453,5,866,0.0,0.0
CALCE,LSTM,test_CS2_35,ok,0.9719433330465108,0.01636645896360278,0.018898913352890047,52913.09512496805,5,866,28657.0,0.10931777954101562
CALCE,GRU,test_CS2_35,ok,0.8312832079827785,0.009016709169372916,0.010411904352624615,96043.90956087892,5,866,21505.0,0.08203506469726562
CALCE,Transformer,test_CS2_35,ok,0.5508924999739975,0.020015708170831203,0.023112826987103006,43266.018499511185,5,866,12801.0,0.048831939697265625
CALCE,DNN,test_CS2_35,ok,0.04616795782931149,0.00022037513554096222,0.0002544747523567693,3929662.9262380297,5,866,5313.0,0.020267486572265625
CALCE,CNN1D,test_CS2_35,ok,0.5952484169974923,0.015002500033006072,0.017323903040422715,57723.71258755321,5,866,12065.0,0.046024322509765625
CALCE,XGBoost,test_CS2_35,ok,0.020754000172019005,0.00032241689041256905,0.0003723058780745601,2685963.5017627478,5,866,0.0,0.0
CALCE,LightGBM,test_CS2_35,ok,0.045876583782956004,0.0023211250081658363,0.002680282919360088,373094.94187231094,5,866,0.0,0.0
CALCE,Ours,test_CS2_35,ok,7.041416709078476,0.2006869160104543,0.23174008777188718,4315.179171694919,5,866,58273.0,0.22229385375976562
CALCE,Trend_Prior_l1,test_CS2_36,ok,8.330680429935455e-07,2.3748725652694702e-06,2.5813832231189893e-06,387389207.0901961,5,920,0.0,0.0
CALCE,Trend_Prior_l2,test_CS2_36,ok,3.3294782042503357e-07,0.011329333065077662,0.012314492462040938,81205.13314555761,5,920,0.0,0.0
CALCE,LSTM,test_CS2_36,ok,0.7988003341015428,0.015681708930060267,0.01704533579354377,58667.07538720171,5,920,28657.0,0.10931777954101562
CALCE,GRU,test_CS2_36,ok,0.6993599578272551,0.009625291917473078,0.010462273823340302,95581.51668417419,5,920,21505.0,0.08203506469726562
CALCE,Transformer,test_CS2_36,ok,0.5377338328398764,0.021136124851182103,0.022974048751284896,43527.373464987184,5,920,12801.0,0.048831939697265625
CALCE,DNN,test_CS2_36,ok,0.04342400003224611,0.00023195892572402954,0.00025212926709133643,3966219.4378954805,5,920,5313.0,0.020267486572265625
CALCE,CNN1D,test_CS2_36,ok,0.5567856249399483,0.01664975006133318,0.018097554414492588,55256.08472265161,5,920,12065.0,0.046024322509765625
CALCE,XGBoost,test_CS2_36,ok,0.020503625040873885,0.0003394160885363817,0.00036893053101780623,2710537.3936963095,5,920,0.0,0.0
CALCE,LightGBM,test_CS2_36,ok,0.04425941687077284,0.0023029998410493135,0.0025032606967927322,399478.9680840018,5,920,0.0,0.0
CALCE,Ours,test_CS2_36,ok,3.929418083978817,0.09529258403927088,0.10357889569485965,9654.476361149575,5,920,14737.0,0.056217193603515625
CALCE,Trend_Prior_l1,test_CS2_37,ok,1.291045919060707e-06,2.499902620911598e-06,2.6149609005351444e-06,382414895.6855733,5,956,0.0,0.0
CALCE,Trend_Prior_l2,test_CS2_37,ok,2.919696271419525e-07,0.012216415954753757,0.012778677776939076,78255.35767124833,5,956,0.0,0.0
CALCE,LSTM,test_CS2_37,ok,0.7753550000488758,0.015545290894806385,0.016260764534316303,61497.7234243584,5,956,28657.0,0.10931777954101562
CALCE,GRU,test_CS2_37,ok,0.6692101249936968,0.009868042077869177,0.01032221974672508,96878.38706565696,5,956,21505.0,0.08203506469726562
CALCE,Transformer,test_CS2_37,ok,0.5211168341338634,0.021605083951726556,0.02259946020055079,44248.84449123383,5,956,12801.0,0.048831939697265625
CALCE,DNN,test_CS2_37,ok,0.0411532090511173,0.00024137506261467934,0.0002524843751199575,3960641.1269009877,5,956,5313.0,0.020267486572265625
CALCE,CNN1D,test_CS2_37,ok,0.5440192089881748,0.01664658379741013,0.017412744557960387,57429.200587614505,5,956,12065.0,0.046024322509765625
CALCE,XGBoost,test_CS2_37,ok,0.019877291982993484,0.00035120919346809387,0.0003673736333348262,2722024.416729425,5,956,0.0,0.0
CALCE,LightGBM,test_CS2_37,ok,0.0437175000552088,0.0022540001664310694,0.0023577407598651353,424134.84002253105,5,956,0.0,0.0
CALCE,Ours,test_CS2_37,ok,3.5776864590588957,0.08868333417922258,0.09276499391132069,10779.928482030156,5,956,8929.0,0.034061431884765625
CALCE,Trend_Prior_l1,test_CS2_38,ok,9.159557521343231e-07,2.416083589196205e-06,2.465391417547148e-06,405615105.5295365,5,980,0.0,0.0
CALCE,Trend_Prior_l2,test_CS2_38,ok,3.3294782042503357e-07,0.012370000127702951,0.012622449109900971,79223.92804226924,5,980,0.0,0.0
CALCE,LSTM,test_CS2_38,ok,0.8314609169028699,0.016103709116578102,0.016432356241406227,60855.545322234524,5,980,28657.0,0.10931777954101562
CALCE,GRU,test_CS2_38,ok,0.766886750003323,0.013384457910433412,0.013657610112687155,73219.25225197752,5,980,21505.0,0.08203506469726562
CALCE,Transformer,test_CS2_38,ok,0.6002206248231232,0.02731949998997152,0.027877040806093385,35871.81318690824,5,980,12801.0,0.048831939697265625
CALCE,DNN,test_CS2_38,ok,0.044016791973263025,0.00019745784811675549,0.00020148760011913825,4963084.573982254,5,980,5313.0,0.020267486572265625
CALCE,CNN1D,test_CS2_38,ok,0.5750655829906464,0.017158416099846363,0.017508587856986085,57114.828915285194,5,980,12065.0,0.046024322509765625
CALCE,XGBoost,test_CS2_38,ok,0.020514999981969595,0.0003539170138537884,0.0003611398100548861,2769010.7048791433,5,980,0.0,0.0
CALCE,LightGBM,test_CS2_38,ok,0.050486958120018244,0.0034077500458806753,0.0034772959651843626,287579.7775088095,5,980,0.0,0.0
CALCE,Ours,test_CS2_38,ok,6.963785333093256,0.23455799999646842,0.23934489795558003,4178.071095484934,5,980,58273.0,0.22229385375976562
NASA,VMD-TCN,test_B0005,ok,0.13385612494312227,0.007141540991142392,0.04698382231014732,21283.921801824654,5,152,3457.0,0.013187408447265625
NASA,VMD-TCN,test_B0006,ok,0.12986004096455872,0.007111791986972094,0.04678810517744798,21372.95357885113,5,152,3457.0,0.013187408447265625
NASA,VMD-TCN,test_B0007,ok,0.14548483304679394,0.007104584015905857,0.04674068431517011,21394.637555091183,5,152,3457.0,0.013187408447265625
NASA,VMD-TCN,test_B0018,ok,0.14718745788559318,0.00547616695985198,0.047208335860792934,21182.699660263,5,116,3457.0,0.013187408447265625
NASA,EMD-TCN,test_B0005,ok,0.1277903749141842,0.007170374970883131,0.04717351954528376,21198.333506577983,5,152,3457.0,0.013187408447265625
NASA,EMD-TCN,test_B0006,ok,0.12736383313313127,0.007162999827414751,0.04712499886457073,21220.159662471946,5,152,3457.0,0.013187408447265625
NASA,EMD-TCN,test_B0007,ok,0.14329200005158782,0.007127624936401844,0.04689226931843318,21325.476769086617,5,152,3457.0,0.013187408447265625
NASA,EMD-TCN,test_B0018,ok,0.1433372909668833,0.005443375091999769,0.0469256473448256,21310.308042245222,5,116,3457.0,0.013187408447265625
NASA,VMD-XGBoost,test_B0005,ok,0.061771374894306064,0.00012204190716147423,0.0008029072839570673,1245473.8174395135,5,152,0.0,0.0
NASA,VMD-XGBoost,test_B0006,ok,0.06077604182064533,0.00011912500485777855,0.0007837171372222273,1275970.5670649952,5,152,0.0,0.0
NASA,VMD-XGBoost,test_B0007,ok,0.06280050007626414,0.00012458302080631256,0.0008196251368836352,1220069.9502728563,5,152,0.0,0.0
NASA,VMD-XGBoost,test_B0018,ok,0.06573958392255008,0.00010887510143220425,0.0009385784606224504,1065441.0280594078,5,116,0.0,0.0
NASA,EMD-XGBoost,test_B0005,ok,0.05579687491990626,0.00013254093937575817,0.0008719798643141985,1146815.4723807618,5,152,0.0,0.0
NASA,EMD-XGBoost,test_B0006,ok,0.054793375078588724,0.00013129203580319881,0.0008637633934420975,1157724.4504597487,5,152,0.0,0.0
NASA,EMD-XGBoost,test_B0007,ok,0.052792333997786045,0.00014887494035065174,0.0009794403970437614,1020991.1731416158,5,152,0.0,0.0
NASA,EMD-XGBoost,test_B0018,ok,0.06027279095724225,0.0001063330564647913,0.0009166642798688905,1090911.9314030965,5,116,0.0,0.0
CALCE,VMD-TCN,test_CS2_35,ok,0.9191371249035001,0.04188195802271366,0.048362538132463814,20677.161261905327,5,866,3457.0,0.013187408447265625
CALCE,VMD-TCN,test_CS2_36,ok,0.8779456671327353,0.04418658302165568,0.04802889458875617,20820.79982398982,5,920,3457.0,0.013187408447265625
CALCE,VMD-TCN,test_CS2_37,ok,0.8716679580975324,0.04468908300623298,0.046745902726185125,21392.249195774784,5,956,3457.0,0.013187408447265625
CALCE,VMD-TCN,test_CS2_38,ok,0.8818452500272542,0.04546483396552503,0.0463926877199235,21555.121057807275,5,980,3457.0,0.013187408447265625
CALCE,EMD-TCN,test_CS2_35,ok,0.9259967498946935,0.040799415903165936,0.047112489495572674,21225.794066644972,5,866,3457.0,0.013187408447265625
CALCE,EMD-TCN,test_CS2_36,ok,0.8779445830732584,0.042996292002499104,0.04673510000271642,21397.19397073883,5,920,3457.0,0.013187408447265625
CALCE,EMD-TCN,test_CS2_37,ok,0.8579366251360625,0.04480387503281236,0.046865978067795355,21337.440105345093,5,956,3457.0,0.013187408447265625
CALCE,EMD-TCN,test_CS2_38,ok,0.908829792169854,0.046095167053863406,0.04703588474884021,21260.363344704758,5,980,3457.0,0.013187408447265625
CALCE,VMD-XGBoost,test_CS2_35,ok,0.07960266689769924,0.0004106250125914812,0.0004741628320917797,2108980.1484196433,5,866,0.0,0.0
CALCE,VMD-XGBoost,test_CS2_36,ok,0.07649125019088387,0.00042399996891617775,0.000460869531430628,2169811.4798255526,5,920,0.0,0.0
CALCE,VMD-XGBoost,test_CS2_37,ok,0.07550170784816146,0.0004342501051723957,0.0004542365116866064,2201496.300433759,5,956,0.0,0.0
CALCE,VMD-XGBoost,test_CS2_38,ok,0.07734516588971019,0.000446750083938241,0.00045586743259004185,2193620.181021557,5,980,0.0,0.0
CALCE,EMD-XGBoost,test_CS2_35,ok,0.0653820838779211,0.0004041669890284538,0.0004667055300559513,2142678.703378797,5,866,0.0,0.0
CALCE,EMD-XGBoost,test_CS2_36,ok,0.08115141605958343,0.00042754202149808407,0.000464719588584874,2151835.2670373074,5,920,0.0,0.0
CALCE,EMD-XGBoost,test_CS2_37,ok,0.06569404085166752,0.00044691702350974083,0.00046748642626541926,2139099.5413249535,5,956,0.0,0.0
CALCE,EMD-XGBoost,test_CS2_38,ok,0.06718762498348951,0.00044645811431109905,0.0004555695043990807,2195054.7399327154,5,980,0.0,0.0
