dataset,model,model_family,tuned,split,fold_id,test_cell,RMSE,MAE,MAPE,R2,train_time_sec,inference_ms_per_sample,throughput_samples_sec,param_count,model_size_mb_fp32
NASA,Trend_Prior_l1,baseline,False,validation,test_B0005,B0005,0.012131280834898603,0.00731841400936488,0.9337518396655663,0.9879285080581864,1.375097781419754e-06,1.0422234864611374e-05,95948710.90417401,0.0,0.0
NASA,Trend_Prior_l1,baseline,False,test,test_B0005,B0005,0.006898157985403452,0.004287658393316637,0.5497383906154053,0.9941079837996188,1.375097781419754e-06,1.0422234864611374e-05,95948710.90417401,0.0,0.0
NASA,Trend_Prior_l2,baseline,False,validation,test_B0005,B0005,0.016246760209478153,0.010726110129530472,1.371414962325484,0.9783488396285135,6.249174475669861e-07,0.014007678194167582,71389.41844169243,0.0,0.0
NASA,Trend_Prior_l2,baseline,False,test,test_B0005,B0005,0.00860737340387769,0.005652913813465767,0.7244642482676091,0.9908264180105417,6.249174475669861e-07,0.014007678194167582,71389.41844169243,0.0,0.0
NASA,LSTM,LSTM,False,validation,test_B0005,B0005,0.04560352811704878,0.03587584121387698,5.113043538450593,0.8294135537215888,0.14426050009205937,0.020954223337436195,47723.07634105578,28657.0,0.10931777954101562
NASA,LSTM,LSTM,False,test,test_B0005,B0005,0.024060274020303744,0.01973878673424476,2.6667987593282882,0.9283198678308137,0.14426050009205937,0.020954223337436195,47723.07634105578,28657.0,0.10931777954101562
NASA,GRU,GRU,False,validation,test_B0005,B0005,0.03407140856195672,0.025964740507904035,3.7201178462724993,0.9047800800115596,0.1212177500128746,0.014129111629077479,70775.85811849745,21505.0,0.08203506469726562
NASA,GRU,GRU,False,test,test_B0005,B0005,0.017420213805994324,0.013505341189558479,1.8284586294212435,0.9624245127338151,0.1212177500128746,0.014129111629077479,70775.85811849745,21505.0,0.08203506469726562
NASA,Transformer,Transformer,False,validation,test_B0005,B0005,0.04160446901159377,0.030082028558720525,4.339899748354174,0.8580198591260683,0.08824312500655651,0.021997808576806596,45459.07363946928,12801.0,0.048831939697265625
NASA,Transformer,Transformer,False,test,test_B0005,B0005,0.021094758302090504,0.016077323845547095,2.203579174222182,0.9449006130845073,0.08824312500655651,0.021997808576806596,45459.07363946928,12801.0,0.048831939697265625
NASA,DNN,DNN,False,validation,test_B0005,B0005,0.023334218915539766,0.019418663041556063,2.6767905690860996,0.9553384109039182,0.015282167121767998,0.0005937503087089249,1684209.650643283,5313.0,0.020267486572265625
NASA,DNN,DNN,False,test,test_B0005,B0005,0.014649998675740638,0.011288845960311966,1.4705781062814143,0.9734250271221246,0.015282167121767998,0.0005937503087089249,1684209.650643283,5313.0,0.020267486572265625
NASA,CNN1D,1D-CNN,False,validation,test_B0005,B0005,0.03256379273270861,0.02537899764988136,3.296728862234652,0.9130203613254266,0.11445429199375212,0.022878014102676196,43710.08757630861,12065.0,0.046024322509765625
NASA,CNN1D,1D-CNN,False,test,test_B0005,B0005,0.018782287275772996,0.014826707988805126,1.9108275957365928,0.956318794365777,0.11445429199375212,0.022878014102676196,43710.08757630861,12065.0,0.046024322509765625
NASA,XGBoost,XGBoost,False,validation,test_B0005,B0005,0.03560755531880175,0.022686613732051896,3.3932764225193845,0.8960003324716563,0.030867082998156548,0.000807565428610695,1238289.7590358246,0.0,0.0
NASA,XGBoost,XGBoost,False,test,test_B0005,B0005,0.014686425623308031,0.010369944172234321,1.4131191106256153,0.9732927064744374,0.030867082998156548,0.000807565428610695,1238289.7590358246,0.0,0.0
NASA,LightGBM,LightGBM,False,validation,test_B0005,B0005,0.03695596656449165,0.024030864308915646,3.571709545497842,0.8879745320743228,0.008814041037112474,0.00415515234252732,240665.0629304634,0.0,0.0
NASA,LightGBM,LightGBM,False,test,test_B0005,B0005,0.015351463487482953,0.010886120593453823,1.486398303289739,0.9708191977785326,0.008814041037112474,0.00415515234252732,240665.0629304634,0.0,0.0
NASA,Ours,ARCF-TCN,True,validation,test_B0005,B0005,0.011493392497547373,0.0059059519490943495,0.7473625103421456,0.9891646208752417,1.550846541998908,0.24438925596003078,4091.832908413729,58273.0,0.22229385375976562
NASA,Ours,ARCF-TCN,True,test,test_B0005,B0005,0.006563794452792149,0.0033151461658237954,0.42316154986961707,0.9946653294496711,1.550846541998908,0.24438925596003078,4091.832908413729,58273.0,0.22229385375976562
NASA,Trend_Prior_l1,baseline,False,validation,test_B0006,B0006,0.006459462544594246,0.0036824476649598608,0.4504887859357703,0.9925481393577202,6.2515027821064e-07,8.770975431329325e-06,114012404.64407964,0.0,0.0
NASA,Trend_Prior_l1,baseline,False,test,test_B0006,B0006,0.012131280834898603,0.00731841400936488,0.9337518396655663,0.9879285080581864,6.2515027821064e-07,8.770975431329325e-06,114012404.64407964,0.0,0.0
NASA,Trend_Prior_l2,baseline,False,validation,test_B0006,B0006,0.007613591396231377,0.005058371032511608,0.6221704498439261,0.9896473606020892,3.7509016692638397e-07,0.012758776153388777,78377.42334984038,0.0,0.0
NASA,Trend_Prior_l2,baseline,False,test,test_B0006,B0006,0.016246760209478153,0.010726110129530472,1.371414962325484,0.9783488396285135,3.7509016692638397e-07,0.012758776153388777,78377.42334984038,0.0,0.0
NASA,LSTM,LSTM,False,validation,test_B0006,B0006,0.0246749296511285,0.01965938580667702,2.326012186994008,0.8912613837160496,0.14443850005045533,0.019671329554464472,50835.404756515134,28657.0,0.10931777954101562
NASA,LSTM,LSTM,False,test,test_B0006,B0006,0.03974641126254426,0.03076794821290333,4.1954339260678575,0.870418357806679,0.14443850005045533,0.019671329554464472,50835.404756515134,28657.0,0.10931777954101562
NASA,GRU,GRU,False,validation,test_B0006,B0006,0.017661007663093087,0.011253331042926038,1.296262389060101,0.9442938795516472,0.11908116610720754,0.013871711225395924,72089.15927901016,21505.0,0.08203506469726562
NASA,GRU,GRU,False,test,test_B0006,B0006,0.029360432965619042,0.02152031072727817,2.9578261592343327,0.9292913497894582,0.11908116610720754,0.013871711225395924,72089.15927901016,21505.0,0.08203506469726562
NASA,Transformer,Transformer,False,validation,test_B0006,B0006,0.024466057624322315,0.017711002558007997,2.0671609504540096,0.8930945257436131,0.0809022921603173,0.019906251078569574,50235.47608502575,12801.0,0.048831939697265625
NASA,Transformer,Transformer,False,test,test_B0006,B0006,0.037516257644291826,0.026709604637057523,3.644664466526221,0.8845519358362506,0.0809022921603173,0.019906251078569574,50235.47608502575,12801.0,0.048831939697265625
NASA,DNN,DNN,False,validation,test_B0006,B0006,0.013234682913088557,0.009713192729734836,1.1725559130670584,0.968717674034921,0.008412959054112434,0.00043777062704688623,2284301.271526145,5313.0,0.020267486572265625
NASA,DNN,DNN,False,test,test_B0006,B0006,0.022230362717109726,0.017905591307886225,2.4317869895159965,0.9594640147498308,0.008412959054112434,0.00043777062704688623,2284301.271526145,5313.0,0.020267486572265625
NASA,CNN1D,1D-CNN,False,validation,test_B0006,B0006,0.02637164387175071,0.021697648360734834,2.70409942222258,0.8757929175652169,0.08442970900796354,0.018262336533026474,54757.50587508628,12065.0,0.046024322509765625
NASA,CNN1D,1D-CNN,False,test,test_B0006,B0006,0.03336826328991475,0.02553517265767779,3.2945751972412096,0.9086697087020013,0.08442970900796354,0.018262336533026474,54757.50587508628,12065.0,0.046024322509765625
NASA,XGBoost,XGBoost,False,validation,test_B0006,B0006,0.010733483402779785,0.007069812200842334,0.8475286176200794,0.9794243608831904,0.017549125012010336,0.0007670008160762096,1303779.5775964851,0.0,0.0
NASA,XGBoost,XGBoost,False,test,test_B0006,B0006,0.02614274333589202,0.01674592931914518,2.3312768638033563,0.9439404052690453,0.017549125012010336,0.0007670008160762096,1303779.5775964851,0.0,0.0
NASA,LightGBM,LightGBM,False,validation,test_B0006,B0006,0.011323671672760563,0.007477251126635001,0.8909014431834145,0.9770994194023254,0.007199625018984079,0.0021973683033138514,455089.84474377823,0.0,0.0
NASA,LightGBM,LightGBM,False,test,test_B0006,B0006,0.0278561605955973,0.018036075998454474,2.512769865585192,0.936351210170545,0.007199625018984079,0.0021973683033138514,455089.84474377823,0.0,0.0
NASA,Ours,ARCF-TCN,True,validation,test_B0006,B0006,0.005979494695878635,0.0031337857504405695,0.3812585669247852,0.9936144115356746,1.7224061251617968,0.23598875544082962,4237.490036895991,58273.0,0.22229385375976562
NASA,Ours,ARCF-TCN,True,test,test_B0006,B0006,0.011468770801977678,0.006317170665568225,0.8045199713333326,0.9892109952848889,1.7224061251617968,0.23598875544082962,4237.490036895991,58273.0,0.22229385375976562
NASA,Trend_Prior_l1,baseline,False,validation,test_B0007,B0007,0.011891159967455253,0.007451770855064445,0.9671230788776674,0.9660127037319376,3.3665914088487625e-05,8.770975431329325e-06,114012404.64407964,0.0,0.0
NASA,Trend_Prior_l1,baseline,False,test,test_B0007,B0007,0.006459462544594246,0.0036824476649598608,0.4504887859357703,0.9925481393577202,3.3665914088487625e-05,8.770975431329325e-06,114012404.64407964,0.0,0.0
NASA,Trend_Prior_l2,baseline,False,validation,test_B0007,B0007,0.015291338878925084,0.010537294917573329,1.3769780464379087,0.9437970385254366,3.3387914299964905e-07,0.012692157485473313,78788.81121232071,0.0,0.0
NASA,Trend_Prior_l2,baseline,False,test,test_B0007,B0007,0.007613591396231377,0.005058371032511608,0.6221704498439261,0.9896473606020892,3.3387914299964905e-07,0.012692157485473313,78788.81121232071,0.0,0.0
NASA,LSTM,LSTM,False,validation,test_B0007,B0007,0.028451422666874965,0.022792858550641146,2.939108004667332,0.8054298789486821,0.14047141722403467,0.021641447490669395,46207.63007793934,28657.0,0.10931777954101562
NASA,LSTM,LSTM,False,test,test_B0007,B0007,0.024030913501352044,0.020345148381186402,2.4771871750197194,0.8968634698239163,0.14047141722403467,0.021641447490669395,46207.63007793934,28657.0,0.10931777954101562
NASA,GRU,GRU,False,validation,test_B0007,B0007,0.01413107585461893,0.00981581556052721,1.2717196007554465,0.9520024986499949,0.13056645798496902,0.013806190844135065,72431.27458467697,21505.0,0.08203506469726562
NASA,GRU,GRU,False,test,test_B0007,B0007,0.015034635212616436,0.00961821777654711,1.1156277425426078,0.9596300932392096,0.13056645798496902,0.013806190844135065,72431.27458467697,21505.0,0.08203506469726562
NASA,Transformer,Transformer,False,validation,test_B0007,B0007,0.019270625565081793,0.01448418394282234,1.87100868012493,0.910739400333942,0.09338404098525643,0.02361486181861868,42346.21433234766,12801.0,0.048831939697265625
NASA,Transformer,Transformer,False,test,test_B0007,B0007,0.01930964063207233,0.015098189895287972,1.8091076926169043,0.933408263740081,0.09338404098525643,0.02361486181861868,42346.21433234766,12801.0,0.048831939697265625
NASA,DNN,DNN,False,validation,test_B0007,B0007,0.020175991013741727,0.015047818376228553,1.9904611738260611,0.9021551603680611,0.009161208057776093,0.0003983027693864546,2510652.8923723013,5313.0,0.020267486572265625
NASA,DNN,DNN,False,test,test_B0007,B0007,0.017620992637738867,0.01443473257735356,1.783014742357063,0.9445460233272401,0.009161208057776093,0.0003983027693864546,2510652.8923723013,5313.0,0.020267486572265625
NASA,CNN1D,1D-CNN,False,validation,test_B0007,B0007,0.03223562469036834,0.026662809041917493,3.595284905948005,0.7502299529138541,0.09673316706903279,0.018577580033850512,53828.32415082501,12065.0,0.046024322509765625
NASA,CNN1D,1D-CNN,False,test,test_B0007,B0007,0.03308234543531706,0.02794151158822955,3.5615237303157126,0.804537008999771,0.09673316706903279,0.018577580033850512,53828.32415082501,12065.0,0.046024322509765625
NASA,XGBoost,XGBoost,False,validation,test_B0007,B0007,0.012761046449135758,0.007969528660721998,1.0332440587038063,0.9608582036427064,0.017857207916676998,0.0006647498689984021,1504325.2306416081,0.0,0.0
NASA,XGBoost,XGBoost,False,test,test_B0007,B0007,0.008809124457243547,0.006183142625443211,0.7538867276702949,0.9861408227997255,0.017857207916676998,0.0006647498689984021,1504325.2306416081,0.0,0.0
NASA,LightGBM,LightGBM,False,validation,test_B0007,B0007,0.013453994859742646,0.008521169610329908,1.1004012935998402,0.9564918428006346,0.009374584071338177,0.00229495497861583,435738.39544474904,0.0,0.0
NASA,LightGBM,LightGBM,False,test,test_B0007,B0007,0.00795677201769089,0.00529344187438952,0.6473251836160334,0.9886930418417148,0.009374584071338177,0.00229495497861583,435738.39544474904,0.0,0.0
NASA,Ours,ARCF-TCN,True,validation,test_B0007,B0007,0.011575665284810082,0.00682885615657927,0.8864816749458678,0.9677922716083219,0.9333843749482185,0.062029605032876134,16121.334312381852,4033.0,0.015384674072265625
NASA,Ours,ARCF-TCN,True,test,test_B0007,B0007,0.0059590669375199435,0.0036916233494564453,0.450715869495624,0.9936579672031627,0.9333843749482185,0.062029605032876134,16121.334312381852,4033.0,0.015384674072265625
NASA,Trend_Prior_l1,baseline,False,validation,test_B0018,B0018,0.006898157985403452,0.004287658393316637,0.5497383906154053,0.9941079837996188,7.080379873514175e-07,1.0059889534424091e-05,99404670.05905826,0.0,0.0
NASA,Trend_Prior_l1,baseline,False,test,test_B0018,B0018,0.011891159967455253,0.007451770855064445,0.9671230788776674,0.9660127037319376,7.080379873514175e-07,1.0059889534424091e-05,99404670.05905826,0.0,0.0
NASA,Trend_Prior_l2,baseline,False,validation,test_B0018,B0018,0.00860737340387769,0.005652913813465767,0.7244642482676091,0.9908264180105417,3.748573362827301e-07,0.01260344790102079,79343.36761284244,0.0,0.0
NASA,Trend_Prior_l2,baseline,False,test,test_B0018,B0018,0.015291338878925084,0.010537294917573329,1.3769780464379087,0.9437970385254366,3.748573362827301e-07,0.01260344790102079,79343.36761284244,0.0,0.0
NASA,LSTM,LSTM,False,validation,test_B0018,B0018,0.02142080252981122,0.015845881946022256,1.9945912077562689,0.943184198930085,0.13618937507271767,0.020254311023344254,49372.20519855959,28657.0,0.10931777954101562
NASA,LSTM,LSTM,False,test,test_B0018,B0018,0.029347857879875212,0.023736527938067617,3.052980481189827,0.7929758602181269,0.13618937507271767,0.020254311023344254,49372.20519855959,28657.0,0.10931777954101562
NASA,GRU,GRU,False,validation,test_B0018,B0018,0.011464391040863617,0.008769371172939239,1.1114059017390077,0.9837258002878184,0.11959287500940263,0.014959766272583911,66845.96415337417,21505.0,0.08203506469726562
NASA,GRU,GRU,False,test,test_B0018,B0018,0.014200707100744244,0.010674787163993853,1.3859308437350422,0.9515283153577075,0.11959287500940263,0.014959766272583911,66845.96415337417,21505.0,0.08203506469726562
NASA,Transformer,Transformer,False,validation,test_B0018,B0018,0.01198684321794597,0.009076399387348812,1.163652958192855,0.9822087153124566,0.08467324986122549,0.019855241307282244,50364.53521384468,12801.0,0.048831939697265625
NASA,Transformer,Transformer,False,test,test_B0018,B0018,0.01446505508954487,0.010771026267768609,1.4067815295588517,0.9497069055179906,0.08467324986122549,0.019855241307282244,50364.53521384468,12801.0,0.048831939697265625
NASA,DNN,DNN,False,validation,test_B0018,B0018,0.01735679903500064,0.013647368677972312,1.7730351391910302,0.9626975867409231,0.00800937507301569,0.0004899399033908186,2041066.6554798111,5313.0,0.020267486572265625
NASA,DNN,DNN,False,test,test_B0018,B0018,0.02039041474759734,0.015379862777018959,2.0356927724840346,0.9000643841147621,0.00800937507301569,0.0004899399033908186,2041066.6554798111,5313.0,0.020267486572265625
NASA,CNN1D,1D-CNN,False,validation,test_B0018,B0018,0.027833436714785692,0.02166758790126579,2.8729439746087233,0.9040751062524561,0.09218379086814821,0.017810705246339584,56146.00804229904,12065.0,0.046024322509765625
NASA,CNN1D,1D-CNN,False,test,test_B0018,B0018,0.031156057729181612,0.02560705107533175,3.4440040605690148,0.7666793520001728,0.09218379086814821,0.017810705246339584,56146.00804229904,12065.0,0.046024322509765625
NASA,XGBoost,XGBoost,False,validation,test_B0018,B0018,0.009393479076854198,0.006552630583420313,0.8509060035639195,0.9890742664801639,0.01670645782724023,0.0008128619560136877,1230221.1865149229,0.0,0.0
NASA,XGBoost,XGBoost,False,test,test_B0018,B0018,0.012420208422703362,0.0077474558541797255,1.0212450497855783,0.9629211768367757,0.01670645782724023,0.0008128619560136877,1230221.1865149229,0.0,0.0
NASA,LightGBM,LightGBM,False,validation,test_B0018,B0018,0.009665081263950347,0.006835095027442781,0.8954170112548095,0.9884333211120413,0.008314542006701231,0.002948637521857845,339139.6848839972,0.0,0.0
NASA,LightGBM,LightGBM,False,test,test_B0018,B0018,0.012703853046703786,0.007978061423458643,1.0435636830065753,0.9612082745934896,0.008314542006701231,0.002948637521857845,339139.6848839972,0.0,0.0
NASA,Ours,ARCF-TCN,True,validation,test_B0018,B0018,0.0063729131577031466,0.003504627947411417,0.44865602948187744,0.9949710923537383,1.5884547079913318,0.22180460329199658,4508.47270596788,58273.0,0.22229385375976562
NASA,Ours,ARCF-TCN,True,test,test_B0018,B0018,0.011702471848428871,0.0063937295685603255,0.8294676872333561,0.9670827622467725,1.5884547079913318,0.22180460329199658,4508.47270596788,58273.0,0.22229385375976562
CALCE,Trend_Prior_l1,baseline,False,validation,test_CS2_35,CS2_35,0.01321221277027315,0.005041762531119449,0.8615830400376883,0.996835624336235,8.33999365568161e-07,3.127082235956302e-06,319786921.0159058,0.0,0.0
CALCE,Trend_Prior_l1,baseline,False,test,test_CS2_35,CS2_35,0.010397942832230708,0.004081960841179822,0.7241680074723787,0.9969529682855811,8.33999365568161e-07,3.127082235956302e-06,319786921.0159058,0.0,0.0
CALCE,Trend_Prior_l2,baseline,False,validation,test_CS2_35,CS2_35,0.013161753524160576,0.008335335177120654,1.5113860103834527,0.996859748547458,3.3294782042503357e-07,0.012203714945816003,81942.26138843453,0.0,0.0
CALCE,Trend_Prior_l2,baseline,False,test,test_CS2_35,CS2_35,0.013225826414309349,0.0077525854003388395,1.3532150544909278,0.9950702174796897,3.3294782042503357e-07,0.012203714945816003,81942.26138843453,0.0,0.0
CALCE,LSTM,LSTM,False,validation,test_CS2_35,CS2_35,0.019561124577845944,0.011678106785446393,3.192418524760093,0.9930637529074932,0.9719433330465108,0.018898913352890047,52913.09512496805,28657.0,0.10931777954101562
CALCE,LSTM,LSTM,False,test,test_CS2_35,CS2_35,0.014875061749401708,0.009094633728621872,1.5785219068250482,0.9937640923016451,0.9719433330465108,0.018898913352890047,52913.09512496805,28657.0,0.10931777954101562
CALCE,GRU,GRU,False,validation,test_CS2_35,CS2_35,0.01764323462808744,0.010637717691388835,2.7278192813202145,0.9943572171582394,0.8312832079827785,0.010411904352624615,96043.90956087892,21505.0,0.08203506469726562
CALCE,GRU,GRU,False,test,test_CS2_35,CS2_35,0.013014675322983999,0.007991972538082513,1.3007160327740799,0.9952263694933321,0.8312832079827785,0.010411904352624615,96043.90956087892,21505.0,0.08203506469726562
CALCE,Transformer,Transformer,False,validation,test_CS2_35,CS2_35,0.026434260014445324,0.01729646584069242,4.27310374010003,0.9873330740147439,0.5508924999739975,0.023112826987103006,43266.018499511185,12801.0,0.048831939697265625
CALCE,Transformer,Transformer,False,test,test_CS2_35,CS2_35,0.018179713225796118,0.013374727259751244,2.12488455337392,0.990685572209768,0.5508924999739975,0.023112826987103006,43266.018499511185,12801.0,0.048831939697265625
CALCE,DNN,DNN,False,validation,test_CS2_35,CS2_35,0.020024376282132047,0.013695651606979841,2.899539301599356,0.9927313306550493,0.04616795782931149,0.0002544747523567693,3929662.9262380297,5313.0,0.020267486572265625
CALCE,DNN,DNN,False,test,test_CS2_35,CS2_35,0.020890705856867905,0.012841604767961055,2.254406669839044,0.9877004746423841,0.04616795782931149,0.0002544747523567693,3929662.9262380297,5313.0,0.020267486572265625
CALCE,CNN1D,1D-CNN,False,validation,test_CS2_35,CS2_35,0.03077029569957613,0.021562195775283906,4.818981313908823,0.9828367211903011,0.5952484169974923,0.017323903040422715,57723.71258755321,12065.0,0.046024322509765625
CALCE,CNN1D,1D-CNN,False,test,test_CS2_35,CS2_35,0.025988455355237087,0.01723137266269196,2.981931790309964,0.9809654304949588,0.5952484169974923,0.017323903040422715,57723.71258755321,12065.0,0.046024322509765625
CALCE,XGBoost,XGBoost,False,validation,test_CS2_35,CS2_35,0.01540498217028638,0.009431419644451822,2.253105345386329,0.9956981098350196,0.020754000172019005,0.0003723058780745601,2685963.5017627478,0.0,0.0
CALCE,XGBoost,XGBoost,False,test,test_CS2_35,CS2_35,0.011860986445009646,0.007098820590847747,1.1824654551630462,0.9960351775576588,0.020754000172019005,0.0003723058780745601,2685963.5017627478,0.0,0.0
CALCE,LightGBM,LightGBM,False,validation,test_CS2_35,CS2_35,0.020385023090016236,0.01088180884496437,3.2097343049458873,0.9924671497609023,0.045876583782956004,0.002680282919360088,373094.94187231094,0.0,0.0
CALCE,LightGBM,LightGBM,False,test,test_CS2_35,CS2_35,0.012829967592560576,0.007159162569747363,1.247225472664552,0.9953609052519211,0.045876583782956004,0.002680282919360088,373094.94187231094,0.0,0.0
CALCE,Ours,ARCF-TCN,True,validation,test_CS2_35,CS2_35,0.011341927762231455,0.005287440106083,0.9412500409622508,0.9976680959770333,7.041416709078476,0.23174008777188718,4315.179171694919,58273.0,0.22229385375976562
CALCE,Ours,ARCF-TCN,True,test,test_CS2_35,CS2_35,0.009193903180489764,0.004181595463343557,0.7120022074188613,0.9976177794007464,7.041416709078476,0.23174008777188718,4315.179171694919,58273.0,0.22229385375976562
CALCE,Trend_Prior_l1,baseline,False,validation,test_CS2_36,CS2_36,0.012152532178777887,0.004628077794210539,0.7351143919614795,0.9958238199506942,8.330680429935455e-07,2.5813832231189893e-06,387389207.0901961,0.0,0.0
CALCE,Trend_Prior_l1,baseline,False,test,test_CS2_36,CS2_36,0.01321221277027315,0.005041762531119449,0.8615830400376883,0.996835624336235,8.330680429935455e-07,2.5813832231189893e-06,387389207.0901961,0.0,0.0
CALCE,Trend_Prior_l2,baseline,False,validation,test_CS2_36,CS2_36,0.011520529084069591,0.007141069672308532,1.1125216808904956,0.9962468968197687,3.3294782042503357e-07,0.012314492462040938,81205.13314555761,0.0,0.0
CALCE,Trend_Prior_l2,baseline,False,test,test_CS2_36,CS2_36,0.013161753524160576,0.008335335177120654,1.5113860103834527,0.996859748547458,3.3294782042503357e-07,0.012314492462040938,81205.13314555761,0.0,0.0
CALCE,LSTM,LSTM,False,validation,test_CS2_36,CS2_36,0.015034024126623038,0.008427182993600572,1.6667738214485184,0.9936085979061666,0.7988003341015428,0.01704533579354377,58667.07538720171,28657.0,0.10931777954101562
CALCE,LSTM,LSTM,False,test,test_CS2_36,CS2_36,0.023828513415182655,0.012587266220234426,3.857631366879003,0.9897072644235105,0.7988003341015428,0.01704533579354377,58667.07538720171,28657.0,0.10931777954101562
CALCE,GRU,GRU,False,validation,test_CS2_36,CS2_36,0.014868824221739454,0.008679976487471881,1.694552011722137,0.9937482887710094,0.6993599578272551,0.010462273823340302,95581.51668417419,21505.0,0.08203506469726562
CALCE,GRU,GRU,False,test,test_CS2_36,CS2_36,0.02301892661623272,0.01377610565680326,3.897884299444019,0.9903947857904263,0.6993599578272551,0.010462273823340302,95581.51668417419,21505.0,0.08203506469726562
CALCE,Transformer,Transformer,False,validation,test_CS2_36,CS2_36,0.021434365190190735,0.014403421628984694,2.5598535497851427,0.987008272389145,0.5377338328398764,0.022974048751284896,43527.373464987184,12801.0,0.048831939697265625
CALCE,Transformer,Transformer,False,test,test_CS2_36,CS2_36,0.02966706568433741,0.01837053646247861,4.9273583442653015,0.9840453932483911,0.5377338328398764,0.022974048751284896,43527.373464987184,12801.0,0.048831939697265625
CALCE,DNN,DNN,False,validation,test_CS2_36,CS2_36,0.017860939400540256,0.012063322020175895,2.0581588812262024,0.9909790090147297,0.04342400003224611,0.00025212926709133643,3966219.4378954805,5313.0,0.020267486572265625
CALCE,DNN,DNN,False,test,test_CS2_36,CS2_36,0.020225514540204922,0.013985939451810498,2.93203916296201,0.9925845745052975,0.04342400003224611,0.00025212926709133643,3966219.4378954805,5313.0,0.020267486572265625
CALCE,CNN1D,1D-CNN,False,validation,test_CS2_36,CS2_36,0.02821694609764314,0.01737796858659517,3.420035852577104,0.9774853255358587,0.5567856249399483,0.018097554414492588,55256.08472265161,12065.0,0.046024322509765625
CALCE,CNN1D,1D-CNN,False,test,test_CS2_36,CS2_36,0.03390725474857316,0.02145238481537611,5.052390668493946,0.9791588261554386,0.5567856249399483,0.018097554414492588,55256.08472265161,12065.0,0.046024322509765625
CALCE,XGBoost,XGBoost,False,validation,test_CS2_36,CS2_36,0.015679613550710497,0.008147102941750356,1.649877965569524,0.9930478943393469,0.020503625040873885,0.00036893053101780623,2710537.3936963095,0.0,0.0
CALCE,XGBoost,XGBoost,False,test,test_CS2_36,CS2_36,0.029428259386646425,0.013265209365276339,4.584703827296606,0.9843012140287906,0.020503625040873885,0.00036893053101780623,2710537.3936963095,0.0,0.0
CALCE,LightGBM,LightGBM,False,validation,test_CS2_36,CS2_36,0.015567638619164218,0.007900307744003866,1.6198994413638617,0.9931468357943619,0.04425941687077284,0.0025032606967927322,399478.9680840018,0.0,0.0
CALCE,LightGBM,LightGBM,False,test,test_CS2_36,CS2_36,0.03076910039960647,0.013891574656410697,4.749569812629401,0.9828380546105824,0.04425941687077284,0.0025032606967927322,399478.9680840018,0.0,0.0
CALCE,Ours,ARCF-TCN,True,validation,test_CS2_36,CS2_36,0.009746828929657649,0.0047012403039719385,0.7613130240338267,0.9973135897107521,3.929418083978817,0.10357889569485965,9654.476361149575,14737.0,0.056217193603515625
CALCE,Ours,ARCF-TCN,True,test,test_CS2_36,CS2_36,0.01119795175764115,0.005352796934460163,0.9605305643906431,0.9977269232377086,3.929418083978817,0.10357889569485965,9654.476361149575,14737.0,0.056217193603515625
CALCE,Trend_Prior_l1,baseline,False,validation,test_CS2_37,CS2_37,0.012147267620552057,0.004427688349272109,0.6503418348514721,0.995673068767685,1.291045919060707e-06,2.6149609005351444e-06,382414895.6855733,0.0,0.0
CALCE,Trend_Prior_l1,baseline,False,test,test_CS2_37,CS2_37,0.012152532178777887,0.004628077794210539,0.7351143919614795,0.9958238199506942,1.291045919060707e-06,2.6149609005351444e-06,382414895.6855733,0.0,0.0
CALCE,Trend_Prior_l2,baseline,False,validation,test_CS2_37,CS2_37,0.01281787186227407,0.0073619414427362525,1.1319156869202145,0.9951821347947026,2.919696271419525e-07,0.012778677776939076,78255.35767124833,0.0,0.0
CALCE,Trend_Prior_l2,baseline,False,test,test_CS2_37,CS2_37,0.011520529084069591,0.007141069672308532,1.1125216808904956,0.9962468968197687,2.919696271419525e-07,0.012778677776939076,78255.35767124833,0.0,0.0
CALCE,LSTM,LSTM,False,validation,test_CS2_37,CS2_37,0.01413696550661999,0.008009624358495549,1.268434268185444,0.9941394929818337,0.7753550000488758,0.016260764534316303,61497.7234243584,28657.0,0.10931777954101562
CALCE,LSTM,LSTM,False,test,test_CS2_37,CS2_37,0.012121628842797777,0.007722819610255395,1.285221287560819,0.9958450326163519,0.7753550000488758,0.016260764534316303,61497.7234243584,28657.0,0.10931777954101562
CALCE,GRU,GRU,False,validation,test_CS2_37,CS2_37,0.012968738695615482,0.007865113468359648,1.1911224491345038,0.9950680544486901,0.6692101249936968,0.01032221974672508,96878.38706565696,21505.0,0.08203506469726562
CALCE,GRU,GRU,False,test,test_CS2_37,CS2_37,0.012557075238479255,0.0080655928445766,1.3964263763494869,0.9955411522051266,0.6692101249936968,0.01032221974672508,96878.38706565696,21505.0,0.08203506469726562
CALCE,Transformer,Transformer,False,validation,test_CS2_37,CS2_37,0.019589058010931918,0.013943727647120024,2.061954273617965,0.9887474772829572,0.5211168341338634,0.02259946020055079,44248.84449123383,12801.0,0.048831939697265625
CALCE,Transformer,Transformer,False,test,test_CS2_37,CS2_37,0.020059599538209363,0.014398117039315698,2.2691404106786264,0.9886213648492234,0.5211168341338634,0.02259946020055079,44248.84449123383,12801.0,0.048831939697265625
CALCE,DNN,DNN,False,validation,test_CS2_37,CS2_37,0.01740423101743379,0.011733937987406197,1.8741610146772538,0.9911175561187552,0.0411532090511173,0.0002524843751199575,3960641.1269009877,5313.0,0.020267486572265625
CALCE,DNN,DNN,False,test,test_CS2_37,CS2_37,0.01830564343595607,0.011666057786948195,2.0826443412314757,0.9905242050917438,0.0411532090511173,0.0002524843751199575,3960641.1269009877,5313.0,0.020267486572265625
CALCE,CNN1D,1D-CNN,False,validation,test_CS2_37,CS2_37,0.026073403123254693,0.017216046834109044,3.011374997756017,0.980064908544775,0.5440192089881748,0.017412744557960387,57429.200587614505,12065.0,0.046024322509765625
CALCE,CNN1D,1D-CNN,False,test,test_CS2_37,CS2_37,0.02649438462174224,0.017200336786119194,3.2907094000803743,0.9801503282960428,0.5440192089881748,0.017412744557960387,57429.200587614505,12065.0,0.046024322509765625
CALCE,XGBoost,XGBoost,False,validation,test_CS2_37,CS2_37,0.012309597416615485,0.0070496845453325635,1.0968011124975123,0.9955566503147659,0.019877291982993484,0.0003673736333348262,2722024.416729425,0.0,0.0
CALCE,XGBoost,XGBoost,False,test,test_CS2_37,CS2_37,0.01149874044818552,0.006736923037141,1.089247672664654,0.9962610797914023,0.019877291982993484,0.0003673736333348262,2722024.416729425,0.0,0.0
CALCE,LightGBM,LightGBM,False,validation,test_CS2_37,CS2_37,0.012855855105742294,0.007166765570664828,1.1203332411518536,0.9951535388953869,0.0437175000552088,0.0023577407598651353,424134.84002253105,0.0,0.0
CALCE,LightGBM,LightGBM,False,test,test_CS2_37,CS2_37,0.011649514358589094,0.006512452160829199,1.0690874583040602,0.9961623859375742,0.0437175000552088,0.0023577407598651353,424134.84002253105,0.0,0.0
CALCE,Ours,ARCF-TCN,True,validation,test_CS2_37,CS2_37,0.009831776958383012,0.004402621534217205,0.6564684566838976,0.9971654323325674,3.5776864590588957,0.09276499391132069,10779.928482030156,8929.0,0.034061431884765625
CALCE,Ours,ARCF-TCN,True,test,test_CS2_37,CS2_37,0.009738219195214927,0.004585470138775402,0.7396068501975936,0.9973183336256987,3.5776864590588957,0.09276499391132069,10779.928482030156,8929.0,0.034061431884765625
CALCE,Trend_Prior_l1,baseline,False,validation,test_CS2_38,CS2_38,0.010397942832230708,0.004081960841179822,0.7241680074723787,0.9969529682855811,9.159557521343231e-07,2.465391417547148e-06,405615105.5295365,0.0,0.0
CALCE,Trend_Prior_l1,baseline,False,test,test_CS2_38,CS2_38,0.012147267620552057,0.004427688349272109,0.6503418348514721,0.995673068767685,9.159557521343231e-07,2.465391417547148e-06,405615105.5295365,0.0,0.0
CALCE,Trend_Prior_l2,baseline,False,validation,test_CS2_38,CS2_38,0.013225826414309349,0.0077525854003388395,1.3532150544909278,0.9950702174796897,3.3294782042503357e-07,0.012622449109900971,79223.92804226924,0.0,0.0
CALCE,Trend_Prior_l2,baseline,False,test,test_CS2_38,CS2_38,0.01281787186227407,0.0073619414427362525,1.1319156869202145,0.9951821347947026,3.3294782042503357e-07,0.012622449109900971,79223.92804226924,0.0,0.0
CALCE,LSTM,LSTM,False,validation,test_CS2_38,CS2_38,0.015938438739096318,0.00970316348575965,1.7614670076551795,0.99284064860698,0.8314609169028699,0.016432356241406227,60855.545322234524,28657.0,0.10931777954101562
CALCE,LSTM,LSTM,False,test,test_CS2_38,CS2_38,0.014388251833934275,0.009258158077411373,1.56597665861033,0.9939292988367364,0.8314609169028699,0.016432356241406227,60855.545322234524,28657.0,0.10931777954101562
CALCE,GRU,GRU,False,validation,test_CS2_38,CS2_38,0.01260446034571344,0.007320644760636205,1.1929715226116144,0.9955225511173434,0.766886750003323,0.013657610112687155,73219.25225197752,21505.0,0.08203506469726562
CALCE,GRU,GRU,False,test,test_CS2_38,CS2_38,0.012442373751768208,0.007461586454261544,1.1062601551855005,0.9954602777845397,0.766886750003323,0.013657610112687155,73219.25225197752,21505.0,0.08203506469726562
CALCE,Transformer,Transformer,False,validation,test_CS2_38,CS2_38,0.019506213560444834,0.014306166379842828,2.237358561613928,0.9892767094561589,0.6002206248231232,0.027877040806093385,35871.81318690824,12801.0,0.048831939697265625
CALCE,Transformer,Transformer,False,test,test_CS2_38,CS2_38,0.019592092974707535,0.014203638543070416,2.159736106390002,0.9887439902705296,0.6002206248231232,0.027877040806093385,35871.81318690824,12801.0,0.048831939697265625
CALCE,DNN,DNN,False,validation,test_CS2_38,CS2_38,0.021605105695103356,0.013893081750006541,2.453035469600321,0.986844876961351,0.044016791973263025,0.00020148760011913825,4963084.573982254,5313.0,0.020267486572265625
CALCE,DNN,DNN,False,test,test_CS2_38,CS2_38,0.02158721037030312,0.013460296710821506,2.351608020283262,0.9863348047514594,0.044016791973263025,0.00020148760011913825,4963084.573982254,5313.0,0.020267486572265625
CALCE,CNN1D,1D-CNN,False,validation,test_CS2_38,CS2_38,0.028000222451565242,0.017833050034181588,3.1693064943381524,0.9779044362282109,0.5750655829906464,0.017508587856986085,57114.828915285194,12065.0,0.046024322509765625
CALCE,CNN1D,1D-CNN,False,test,test_CS2_38,CS2_38,0.02611463999462591,0.01728022332444923,2.998047755280703,0.9800018012571737,0.5750655829906464,0.017508587856986085,57114.828915285194,12065.0,0.046024322509765625
CALCE,XGBoost,XGBoost,False,validation,test_CS2_38,CS2_38,0.014582404990736725,0.008757731073846201,1.4575777152361384,0.9940070530284227,0.020514999981969595,0.0003611398100548861,2769010.7048791433,0.0,0.0
CALCE,XGBoost,XGBoost,False,test,test_CS2_38,CS2_38,0.014438522952721066,0.008474008110235845,1.3403336201717446,0.9938868038792212,0.020514999981969595,0.0003611398100548861,2769010.7048791433,0.0,0.0
CALCE,LightGBM,LightGBM,False,validation,test_CS2_38,CS2_38,0.013359842264463698,0.007968554080875313,1.352534182598443,0.9949698054195262,0.050486958120018244,0.0034772959651843626,287579.7775088095,0.0,0.0
CALCE,LightGBM,LightGBM,False,test,test_CS2_38,CS2_38,0.013137832245129152,0.007467109890041497,1.1650394829689734,0.9949386051607093,0.050486958120018244,0.0034772959651843626,287579.7775088095,0.0,0.0
CALCE,Ours,ARCF-TCN,True,validation,test_CS2_38,CS2_38,0.009453144259997453,0.004287521914519813,0.7348991008682211,0.9974815421030296,6.963785333093256,0.23934489795558003,4178.071095484934,58273.0,0.22229385375976562
CALCE,Ours,ARCF-TCN,True,test,test_CS2_38,CS2_38,0.009789536893706333,0.004442967640823488,0.6665729058856431,0.9971897362036442,6.963785333093256,0.23934489795558003,4178.071095484934,58273.0,0.22229385375976562
NASA,VMD-TCN,VMD-TCN,True,validation,test_B0005,B0005,0.11236141085589492,0.09892647191053963,13.808966677556638,-0.03557606245605771,0.13385612494312227,0.04698382231014732,21283.921801824654,3457.0,0.013187408447265625
NASA,VMD-TCN,VMD-TCN,True,test,test_B0005,B0005,0.08781079145745167,0.07820720656021508,10.401639404060642,0.045241700659194195,0.13385612494312227,0.04698382231014732,21283.921801824654,3457.0,0.013187408447265625
NASA,VMD-TCN,VMD-TCN,True,validation,test_B0006,B0006,0.08189055394741244,0.06490854134025709,7.624474023420404,-0.19767662552252063,0.12986004096455872,0.04678810517744798,21372.95357885113,3457.0,0.013187408447265625
NASA,VMD-TCN,VMD-TCN,True,test,test_B0006,B0006,0.10688917349383825,0.09204414112898952,12.56667506281092,0.06283713041043082,0.12986004096455872,0.04678810517744798,21372.95357885113,3457.0,0.013187408447265625
NASA,VMD-TCN,VMD-TCN,True,validation,test_B0007,B0007,0.05871892911962087,0.05304221777131632,6.993917117597373,0.17124830942434321,0.14548483304679394,0.04674068431517011,21394.637555091183,3457.0,0.013187408447265625
NASA,VMD-TCN,VMD-TCN,True,test,test_B0007,B0007,0.0789194076647628,0.0622381159697149,7.29418605577211,-0.11234521221085614,0.14548483304679394,0.04674068431517011,21394.637555091183,3457.0,0.013187408447265625
NASA,VMD-TCN,VMD-TCN,True,validation,test_B0018,B0018,0.08216663048837336,0.0731130133573319,9.675761450258898,0.16403399989968903,0.14718745788559318,0.047208335860792934,21182.699660263,3457.0,0.013187408447265625
NASA,VMD-TCN,VMD-TCN,True,test,test_B0018,B0018,0.06245048790194215,0.0564149144148494,7.610776412219476,0.0625678464301338,0.14718745788559318,0.047208335860792934,21182.699660263,3457.0,0.013187408447265625
NASA,EMD-TCN,EMD-TCN,True,validation,test_B0005,B0005,0.1110432539586017,0.09764262942847472,13.646555946587494,-0.011421065937909258,0.1277903749141842,0.04717351954528376,21198.333506577983,3457.0,0.013187408447265625
NASA,EMD-TCN,EMD-TCN,True,test,test_B0005,B0005,0.08679344730145949,0.0773281256074341,10.29124903647391,0.06723651682001897,0.1277903749141842,0.04717351954528376,21198.333506577983,3457.0,0.013187408447265625
NASA,EMD-TCN,EMD-TCN,True,validation,test_B0006,B0006,0.08068735228612083,0.06371978238349847,7.480460739887343,-0.16274072800146477,0.12736383313313127,0.04712499886457073,21220.159662471946,3457.0,0.013187408447265625
NASA,EMD-TCN,EMD-TCN,True,test,test_B0006,B0006,0.1053658752194027,0.09059637910003364,12.372208130848087,0.08935817434050852,0.12736383313313127,0.04712499886457073,21220.159662471946,3457.0,0.013187408447265625
NASA,EMD-TCN,EMD-TCN,True,validation,test_B0007,B0007,0.059073779195374286,0.05243234190275364,6.960032714633107,0.16120142320906727,0.14329200005158782,0.04689226931843318,21325.476769086617,3457.0,0.013187408447265625
NASA,EMD-TCN,EMD-TCN,True,test,test_B0007,B0007,0.07785919866618565,0.06356728889326033,7.489463224850956,-0.08265931075654076,0.14329200005158782,0.04689226931843318,21325.476769086617,3457.0,0.013187408447265625
NASA,EMD-TCN,EMD-TCN,True,validation,test_B0018,B0018,0.08256220831802473,0.07519595574694041,9.957575645183434,0.15596538032507457,0.1433372909668833,0.0469256473448256,21310.308042245222,3457.0,0.013187408447265625
NASA,EMD-TCN,EMD-TCN,True,test,test_B0018,B0018,0.06525065780555275,0.056831620692635386,7.72022371501951,-0.023382444553556203,0.1433372909668833,0.0469256473448256,21310.308042245222,3457.0,0.013187408447265625
NASA,VMD-XGBoost,VMD-XGBoost,True,validation,test_B0005,B0005,0.03651767190054328,0.024718170492557784,3.6113470054844616,0.8906160001476645,0.061771374894306064,0.0008029072839570673,1245473.8174395135,0.0,0.0
NASA,VMD-XGBoost,VMD-XGBoost,True,test,test_B0005,B0005,0.013916428079419561,0.010211360545902229,1.3678734858438333,0.9760197769639497,0.061771374894306064,0.0008029072839570673,1245473.8174395135,0.0,0.0
NASA,VMD-XGBoost,VMD-XGBoost,True,validation,test_B0006,B0006,0.012900536686027931,0.009453755172575495,1.1486516993626323,0.970277351047215,0.06077604182064533,0.0007837171372222273,1275970.5670649952,0.0,0.0
NASA,VMD-XGBoost,VMD-XGBoost,True,test,test_B0006,B0006,0.028846184580907683,0.01949913815720276,2.692807330281725,0.931746584043388,0.06077604182064533,0.0007837171372222273,1275970.5670649952,0.0,0.0
NASA,VMD-XGBoost,VMD-XGBoost,True,validation,test_B0007,B0007,0.014348633433803628,0.01010205016875694,1.3053073221927995,0.950513213209822,0.06280050007626414,0.0008196251368836352,1220069.9502728563,0.0,0.0
NASA,VMD-XGBoost,VMD-XGBoost,True,test,test_B0007,B0007,0.010022604771978942,0.007107870206683304,0.8705021035309837,0.9820595568813796,0.06280050007626414,0.0008196251368836352,1220069.9502728563,0.0,0.0
NASA,VMD-XGBoost,VMD-XGBoost,True,validation,test_B0018,B0018,0.010076913859470885,0.0070515988830613646,0.9171214194549655,0.9874265994436265,0.06573958392255008,0.0009385784606224504,1065441.0280594078,0.0,0.0
NASA,VMD-XGBoost,VMD-XGBoost,True,test,test_B0018,B0018,0.01382597532328126,0.009883979199067377,1.2917091088496984,0.954052728251428,0.06573958392255008,0.0009385784606224504,1065441.0280594078,0.0,0.0
NASA,EMD-XGBoost,EMD-XGBoost,True,validation,test_B0005,B0005,0.0516958401351309,0.033337402975783206,5.028876525484948,0.7807907728505195,0.05579687491990626,0.0008719798643141985,1146815.4723807618,0.0,0.0
NASA,EMD-XGBoost,EMD-XGBoost,True,test,test_B0005,B0005,0.027146038747554512,0.017293404839155032,2.408637020649625,0.9087546821419403,0.05579687491990626,0.0008719798643141985,1146815.4723807618,0.0,0.0
NASA,EMD-XGBoost,EMD-XGBoost,True,validation,test_B0006,B0006,0.014889066661483565,0.01110155225829706,1.3572182989652661,0.9604080488808787,0.054793375078588724,0.0008637633934420975,1157724.4504597487,0.0,0.0
NASA,EMD-XGBoost,EMD-XGBoost,True,test,test_B0006,B0006,0.032531266281910304,0.02129504132430413,3.0122240086126175,0.9131940343378842,0.054793375078588724,0.0008637633934420975,1157724.4504597487,0.0,0.0
NASA,EMD-XGBoost,EMD-XGBoost,True,validation,test_B0007,B0007,0.024342704338240574,0.015255792624802091,1.9373596806871587,0.8575685739011317,0.052792333997786045,0.0009794403970437614,1020991.1731416158,0.0,0.0
NASA,EMD-XGBoost,EMD-XGBoost,True,test,test_B0007,B0007,0.01601396100038461,0.011140229805029083,1.3767169352265118,0.9541995770107303,0.052792333997786045,0.0009794403970437614,1020991.1731416158,0.0,0.0
NASA,EMD-XGBoost,EMD-XGBoost,True,validation,test_B0018,B0018,0.016916413223504078,0.01132524056420506,1.4468339768447853,0.9645664855529962,0.06027279095724225,0.0009166642798688905,1090911.9314030965,0.0,0.0
NASA,EMD-XGBoost,EMD-XGBoost,True,test,test_B0018,B0018,0.021376618761391065,0.013464642278645963,1.7427513226428517,0.8901636232585919,0.06027279095724225,0.0009166642798688905,1090911.9314030965,0.0,0.0
CALCE,VMD-TCN,VMD-TCN,True,validation,test_CS2_35,CS2_35,0.016305407212076347,0.011057026742297445,2.3559630894212606,0.995180519619983,0.9191371249035001,0.048362538132463814,20677.161261905327,3457.0,0.013187408447265625
CALCE,VMD-TCN,VMD-TCN,True,test,test_CS2_35,CS2_35,0.01478537224151924,0.008859788013738358,1.5241491720971632,0.9938390646762005,0.9191371249035001,0.048362538132463814,20677.161261905327,3457.0,0.013187408447265625
CALCE,VMD-TCN,VMD-TCN,True,validation,test_CS2_36,CS2_36,0.013960980548237597,0.008604295271670968,1.5352911733594239,0.9944884024444088,0.8779456671327353,0.04802889458875617,20820.79982398982,3457.0,0.013187408447265625
CALCE,VMD-TCN,VMD-TCN,True,test,test_CS2_36,CS2_36,0.02060815366604006,0.01244680318805659,3.3225660219658284,0.9923013409596,0.8779456671327353,0.04802889458875617,20820.79982398982,3457.0,0.013187408447265625
CALCE,VMD-TCN,VMD-TCN,True,validation,test_CS2_37,CS2_37,0.013605755450277235,0.008114398886883558,1.2636750997711257,0.9945716465820484,0.8716679580975324,0.046745902726185125,21392.249195774784,3457.0,0.013187408447265625
CALCE,VMD-TCN,VMD-TCN,True,test,test_CS2_37,CS2_37,0.012485724285879504,0.007823340125101767,1.236678867770334,0.9955916797629139,0.8716679580975324,0.046745902726185125,21392.249195774784,3457.0,0.013187408447265625
CALCE,VMD-TCN,VMD-TCN,True,validation,test_CS2_38,CS2_38,0.014777778696332601,0.008426553686327299,1.5156070278163822,0.9938453913788899,0.8818452500272542,0.0463926877199235,21555.121057807275,3457.0,0.013187408447265625
CALCE,VMD-TCN,VMD-TCN,True,test,test_CS2_38,CS2_38,0.01385037614564198,0.008131246508122846,1.280131801108489,0.9943746968756285,0.8818452500272542,0.0463926877199235,21555.121057807275,3457.0,0.013187408447265625
CALCE,EMD-TCN,EMD-TCN,True,validation,test_CS2_35,CS2_35,0.015554569826735497,0.009511081036107514,2.112241001962594,0.9956141585508644,0.9259967498946935,0.047112489495572674,21225.794066644972,3457.0,0.013187408447265625
CALCE,EMD-TCN,EMD-TCN,True,test,test_CS2_35,CS2_35,0.013932142523930446,0.007390215427590199,1.1984402827543867,0.9945296143908574,0.9259967498946935,0.047112489495572674,21225.794066644972,3457.0,0.013187408447265625
CALCE,EMD-TCN,EMD-TCN,True,validation,test_CS2_36,CS2_36,0.01354706544095896,0.0076445365556712455,1.4338126574151013,0.9948103733835735,0.8779445830732584,0.04673510000271642,21397.19397073883,3457.0,0.013187408447265625
CALCE,EMD-TCN,EMD-TCN,True,test,test_CS2_36,CS2_36,0.02065979794822068,0.011830048682097461,3.2670166370635716,0.9922627067460578,0.8779445830732584,0.04673510000271642,21397.19397073883,3457.0,0.013187408447265625
CALCE,EMD-TCN,EMD-TCN,True,validation,test_CS2_37,CS2_37,0.01338979055304176,0.007527102301043434,1.1199065412813913,0.9947426079863283,0.8579366251360625,0.046865978067795355,21337.440105345093,3457.0,0.013187408447265625
CALCE,EMD-TCN,EMD-TCN,True,test,test_CS2_37,CS2_37,0.01256722237836898,0.0076014101083086965,1.291015760162644,0.9955339430689059,0.8579366251360625,0.046865978067795355,21337.440105345093,3457.0,0.013187408447265625
CALCE,EMD-TCN,EMD-TCN,True,validation,test_CS2_38,CS2_38,0.014271161714305588,0.007538519467399547,1.238554987938873,0.9942601468875703,0.908829792169854,0.04703588474884021,21260.363344704758,3457.0,0.013187408447265625
CALCE,EMD-TCN,EMD-TCN,True,test,test_CS2_38,CS2_38,0.013402442817837614,0.007149869426876481,1.0796838766994192,0.9947326676750675,0.908829792169854,0.04703588474884021,21260.363344704758,3457.0,0.013187408447265625
CALCE,VMD-XGBoost,VMD-XGBoost,True,validation,test_CS2_35,CS2_35,0.018325854688120886,0.010843411762965311,2.7475361218877876,0.9939121296487778,0.07960266689769924,0.0004741628320917797,2108980.1484196433,0.0,0.0
CALCE,VMD-XGBoost,VMD-XGBoost,True,test,test_CS2_35,CS2_35,0.013251818252803504,0.007898340998076358,1.3884804781331932,0.9950508220916373,0.07960266689769924,0.0004741628320917797,2108980.1484196433,0.0,0.0
CALCE,VMD-XGBoost,VMD-XGBoost,True,validation,test_CS2_36,CS2_36,0.015810627072875862,0.008396078085410616,1.7012923582221857,0.9929312300992915,0.07649125019088387,0.000460869531430628,2169811.4798255526,0.0,0.0
CALCE,VMD-XGBoost,VMD-XGBoost,True,test,test_CS2_36,CS2_36,0.03114162655324611,0.01428334694589646,4.8886467871164925,0.9824199744206422,0.07649125019088387,0.000460869531430628,2169811.4798255526,0.0,0.0
CALCE,VMD-XGBoost,VMD-XGBoost,True,validation,test_CS2_37,CS2_37,0.011873506721644802,0.007166495718950225,1.085507118852902,0.9958659017043769,0.07550170784816146,0.0004542365116866064,2201496.300433759,0.0,0.0
CALCE,VMD-XGBoost,VMD-XGBoost,True,test,test_CS2_37,CS2_37,0.011840764504232474,0.0069994919227346734,1.1188054180336957,0.9960353473659904,0.07550170784816146,0.0004542365116866064,2201496.300433759,0.0,0.0
CALCE,VMD-XGBoost,VMD-XGBoost,True,validation,test_CS2_38,CS2_38,0.014831888388021706,0.008543940433949166,1.4764443812049812,0.9938002379529134,0.07734516588971019,0.00045586743259004185,2193620.181021557,0.0,0.0
CALCE,VMD-XGBoost,VMD-XGBoost,True,test,test_CS2_38,CS2_38,0.014357403397940697,0.00849861742430681,1.3453471492602969,0.9939553021181745,0.07734516588971019,0.00045586743259004185,2193620.181021557,0.0,0.0
CALCE,EMD-XGBoost,EMD-XGBoost,True,validation,test_CS2_35,CS2_35,0.06828512619334685,0.023859320472077356,9.761652013076553,0.915474227116093,0.0653820838779211,0.0004667055300559513,2142678.703378797,0.0,0.0
CALCE,EMD-XGBoost,EMD-XGBoost,True,test,test_CS2_35,CS2_35,0.02232853070076758,0.011307894021718987,1.9691295890167926,0.9859491558886048,0.0653820838779211,0.0004667055300559513,2142678.703378797,0.0,0.0
CALCE,EMD-XGBoost,EMD-XGBoost,True,validation,test_CS2_36,CS2_36,0.032927528767993056,0.01178778087496411,3.041209006628788,0.9693405802993638,0.08115141605958343,0.000464719588584874,2151835.2670373074,0.0,0.0
CALCE,EMD-XGBoost,EMD-XGBoost,True,test,test_CS2_36,CS2_36,0.07615715346326907,0.026297702415011708,11.28680270396618,0.8948623358952265,0.08115141605958343,0.000464719588584874,2151835.2670373074,0.0,0.0
CALCE,EMD-XGBoost,EMD-XGBoost,True,validation,test_CS2_37,CS2_37,0.01697456782407246,0.009286442934350195,1.5460424870810245,0.9915507094356752,0.06569404085166752,0.00046748642626541926,2139099.5413249535,0.0,0.0
CALCE,EMD-XGBoost,EMD-XGBoost,True,test,test_CS2_37,CS2_37,0.013725382309353761,0.007807806249604316,1.2440459375115276,0.9946728545431383,0.06569404085166752,0.00046748642626541926,2139099.5413249535,0.0,0.0
CALCE,EMD-XGBoost,EMD-XGBoost,True,validation,test_CS2_38,CS2_38,0.019987383725256373,0.010592690163049558,1.731832646647441,0.9887411502267076,0.06718762498348951,0.0004555695043990807,2195054.7399327154,0.0,0.0
CALCE,EMD-XGBoost,EMD-XGBoost,True,test,test_CS2_38,CS2_38,0.021244609728103426,0.010631806917137786,1.8436853809840523,0.9867651108449635,0.06718762498348951,0.0004555695043990807,2195054.7399327154,0.0,0.0
