dataset,model,model_family,tuned,split,folds,RMSE,MAE,MAPE,R2,train_time_sec,inference_ms_per_sample,throughput_samples_sec,param_count,model_size_mb_fp32
CALCE,CNN1D,1D-CNN,False,test,4,0.0281261836800446,0.018291079397159123,3.5807699035412472,0.9800690965509035,2.271118833916262,0.017585697467465446,56880.956703276126,12065.0,0.046024322509765625
CALCE,CNN1D,1D-CNN,False,validation,4,0.0282652168430098,0.018497315307542426,3.604924664645024,0.9795728478747864,2.271118833916262,0.017585697467465446,56880.956703276126,12065.0,0.046024322509765625
CALCE,DNN,DNN,False,test,4,0.020252268550833005,0.012988474679385313,2.405174548578948,0.9892860147477212,0.17476195888593793,0.00024014399867180037,4204902.0162541885,5313.0,0.020267486572265625
CALCE,DNN,DNN,False,validation,4,0.019223663098802364,0.01284649834114212,2.3212236667757833,0.9904181931874713,0.17476195888593793,0.00024014399867180037,4204902.0162541885,5313.0,0.020267486572265625
CALCE,EMD-TCN,EMD-TCN,True,test,4,0.01514040141708943,0.008492885911218209,1.7090391391700055,0.9942647329702221,3.5707077502738684,0.04693736307873116,21305.197871858414,3457.0,0.013187408447265625
CALCE,EMD-TCN,EMD-TCN,True,validation,4,0.014190646883760451,0.008055309840055435,1.47612879714949,0.9948568217020841,3.5707077502738684,0.04693736307873116,21305.197871858414,3457.0,0.013187408447265625
CALCE,EMD-XGBoost,EMD-XGBoost,True,test,4,0.03336391905037346,0.0140113024008682,4.085915902869639,0.9655623642929833,0.27941516577266157,0.0004636202623263313,2157167.062918443,0.0,0.0
CALCE,EMD-XGBoost,EMD-XGBoost,True,validation,4,0.034543651627667184,0.013881558611110305,4.020184038358452,0.9662766667694599,0.27941516577266157,0.0004636202623263313,2157167.062918443,0.0,0.0
CALCE,GRU,GRU,False,test,4,0.015258262732366044,0.009323814373430979,1.9253217159382716,0.9941556463183562,2.9667400408070534,0.011213502008844288,90430.7663906719,21505.0,0.08203506469726562
CALCE,GRU,GRU,False,validation,4,0.014521314472788954,0.008625863101964143,1.7016163161971174,0.9946740278738206,2.9667400408070534,0.011213502008844288,90430.7663906719,21505.0,0.08203506469726562
CALCE,LSTM,LSTM,False,test,4,0.016303363960329102,0.009665719409130767,2.0718378049688,0.993311422044561,3.3775595840997994,0.01715934248053909,58483.35981469067,28657.0,0.10931777954101562
CALCE,LSTM,LSTM,False,validation,4,0.01616763823754632,0.009454519405825541,1.9722734055123088,0.9934131231006184,3.3775595840997994,0.01715934248053909,58483.35981469067,28657.0,0.10931777954101562
CALCE,LightGBM,LightGBM,False,test,4,0.017096603648971323,0.008757574819257189,2.0577305566417468,0.9923249877401967,0.1843404588289559,0.0027546450853005795,371072.1318719133,0.0,0.0
CALCE,LightGBM,LightGBM,False,validation,4,0.015542089769846612,0.008479359060127095,1.8256252925150114,0.9939343324675444,0.1843404588289559,0.0027546450853005795,371072.1318719133,0.0,0.0
CALCE,Ours,ARCF-TCN,True,test,4,0.009979902756763043,0.004640707544350652,0.7696781319731854,0.9974631931169494,21.512306585209444,0.16685721883341187,7231.913777589896,58273.0,0.22229385375976562
CALCE,Ours,ARCF-TCN,True,validation,4,0.010093419477567391,0.00466970596469799,0.7734826556370491,0.9974071650308456,21.512306585209444,0.16685721883341187,7231.913777589896,58273.0,0.22229385375976562
CALCE,Transformer,Transformer,False,test,4,0.021874617855762606,0.015086754826153993,2.8702798536769625,0.9880240801444781,2.2099637917708606,0.024140844186258018,41728.512410660114,12801.0,0.048831939697265625
CALCE,Transformer,Transformer,False,validation,4,0.021740974194003202,0.014987445374159991,2.7830675312792663,0.9880913832857512,2.2099637917708606,0.024140844186258018,41728.512410660114,12801.0,0.048831939697265625
CALCE,Trend_Prior_l1,baseline,False,test,4,0.011977488850458452,0.004544872378945479,0.7428018185807547,0.9963213703350489,3.874069079756737e-06,2.697204444289396e-06,373801532.3303029,0.0,0.0
CALCE,Trend_Prior_l1,baseline,False,validation,4,0.011977488850458452,0.004544872378945479,0.7428018185807547,0.9963213703350489,3.874069079756737e-06,2.697204444289396e-06,373801532.3303029,0.0,0.0
CALCE,Trend_Prior_l2,baseline,False,test,4,0.012681495221203397,0.0076477329231260695,1.2772596081712726,0.9958397494104048,1.2908130884170532e-06,0.012479833573674246,80156.67006187743,0.0,0.0
CALCE,Trend_Prior_l2,baseline,False,validation,4,0.012681495221203397,0.0076477329231260695,1.2772596081712726,0.9958397494104048,1.2908130884170532e-06,0.012479833573674246,80156.67006187743,0.0,0.0
CALCE,VMD-TCN,VMD-TCN,True,test,4,0.015432406584770197,0.00931529445875489,1.8408814657354537,0.9940266955685857,3.550596000161022,0.047382505791832154,21111.332834869303,3457.0,0.013187408447265625
CALCE,VMD-TCN,VMD-TCN,True,validation,4,0.014662480476730945,0.009050568646794818,1.667634097592048,0.9945214900063326,3.550596000161022,0.047382505791832154,21111.332834869303,3457.0,0.013187408447265625
CALCE,VMD-XGBoost,VMD-XGBoost,True,test,4,0.017647903177055696,0.009419949322753576,2.1853199581359197,0.9918653614991111,0.30894079082645476,0.000461284076949764,2168477.027425128,0.0,0.0
CALCE,VMD-XGBoost,VMD-XGBoost,True,validation,4,0.015210469217665813,0.00873748150031883,1.7526949950419641,0.99412737485134,0.30894079082645476,0.000461284076949764,2168477.027425128,0.0,0.0
CALCE,XGBoost,XGBoost,False,test,4,0.016806627308140663,0.008893740275875233,2.0491876438240126,0.9926210688142683,0.08164991717785597,0.00036743746312051966,2721884.0042669065,0.0,0.0
CALCE,XGBoost,XGBoost,False,validation,4,0.014494149532087271,0.008346484551345235,1.614340534672376,0.9945774268793888,0.08164991717785597,0.00036743746312051966,2721884.0042669065,0.0,0.0
NASA,CNN1D,1D-CNN,False,test,4,0.029097238432546604,0.023477610827511056,3.0527326459656323,0.8590512160169306,0.38780095893889666,0.01938215897897319,52110.48141112973,12065.0,0.046024322509765625
NASA,CNN1D,1D-CNN,False,validation,4,0.029751124502403338,0.02385176073844987,3.1172642912534902,0.8607795845142384,0.38780095893889666,0.01938215897897319,52110.48141112973,12065.0,0.046024322509765625
NASA,DNN,DNN,False,test,4,0.018722942194546642,0.014752258155642678,1.930268152659627,0.9443748623284894,0.040865709306672215,0.0004799409021332711,2130057.617505385,5313.0,0.020267486572265625
NASA,DNN,DNN,False,validation,4,0.018525422969342672,0.014456760706372942,1.9032106987925623,0.9472272080119559,0.040865709306672215,0.0004799409021332711,2130057.617505385,5313.0,0.020267486572265625
NASA,EMD-TCN,EMD-TCN,True,test,4,0.08381729474815015,0.07208085357334086,9.468286026798117,0.012638233962607631,0.5417834990657866,0.047029108768278316,21263.569495095442,3457.0,0.013187408447265625
NASA,EMD-TCN,EMD-TCN,True,validation,4,0.08334164843953039,0.07224767736541682,9.511156261572845,0.03575125239869195,0.5417834990657866,0.047029108768278316,21263.569495095442,3457.0,0.013187408447265625
NASA,EMD-XGBoost,EMD-XGBoost,True,test,4,0.024266971197810124,0.01579832956178355,2.1350823217829014,0.9165779791872867,0.22365537495352328,0.000907961983667237,1104110.7568463057,0.0,0.0
NASA,EMD-XGBoost,EMD-XGBoost,True,validation,4,0.02696100608958978,0.017754997105771855,2.4425721204955395,0.8908334702963815,0.22365537495352328,0.000907961983667237,1104110.7568463057,0.0,0.0
NASA,GRU,GRU,False,test,4,0.019003997271243512,0.013829664214344402,1.8219608437333066,0.9507185677800476,0.4904582491144538,0.014191694992798095,70535.56403388968,21505.0,0.08203506469726562
NASA,GRU,GRU,False,validation,4,0.019331970780133087,0.013950814571074131,1.8498764344567635,0.946200564625255,0.4904582491144538,0.014191694992798095,70535.56403388968,21505.0,0.08203506469726562
NASA,LSTM,LSTM,False,test,4,0.029296364166018815,0.023647102816600526,3.098100085401423,0.872144388919884,0.565359792439267,0.02063032785147858,48534.57909351746,28657.0,0.10931777954101562
NASA,LSTM,LSTM,False,validation,4,0.030037670741215865,0.02354349187930435,3.0931887344670503,0.8673222538291013,0.565359792439267,0.02063032785147858,48534.57909351746,28657.0,0.10931777954101562
NASA,LightGBM,LightGBM,False,test,4,0.01596706228686873,0.010548424972439116,1.4225142588743849,0.9642679310960705,0.03370279213413596,0.002899028286578712,367658.24700074695,0.0,0.0
NASA,LightGBM,LightGBM,False,validation,4,0.0178496785902363,0.011716095018330834,1.6146073233839764,0.9524997788473311,0.03370279213413596,0.002899028286578712,367658.24700074695,0.0,0.0
NASA,Ours,ARCF-TCN,True,test,4,0.00892352601017966,0.004929417437352198,0.6269662694829825,0.9861542635461238,5.795091750100255,0.19105305493143326,7239.782490914863,58273.0,0.22229385375976562
NASA,Ours,ARCF-TCN,True,validation,4,0.00885536640898481,0.004843305450881402,0.615939695423669,0.9863855990932442,5.795091750100255,0.19105305493143326,7239.782490914863,58273.0,0.22229385375976562
NASA,Transformer,Transformer,False,test,4,0.02309642791699988,0.0171640361614153,2.26603321573104,0.9281419295447074,0.34720270801335573,0.021343540695319276,47101.32481767185,12801.0,0.048831939697265625
NASA,Transformer,Transformer,False,validation,4,0.024331998854735963,0.01783840361172492,2.360430584281492,0.91101562512902,0.34720270801335573,0.021343540695319276,47101.32481767185,12801.0,0.048831939697265625
NASA,Trend_Prior_l1,baseline,False,test,4,0.009345015333087889,0.005685072730676456,0.7252755237736024,0.9851493337368658,3.637420013546944e-05,9.506018815423529e-06,105844547.56284788,0.0,0.0
NASA,Trend_Prior_l1,baseline,False,validation,4,0.009345015333087889,0.005685072730676456,0.7252755237736023,0.9851493337368658,3.637420013546944e-05,9.506018815423529e-06,105844547.56284788,0.0,0.0
NASA,Trend_Prior_l2,baseline,False,test,4,0.011939765972128076,0.007993672473270295,1.023756926718732,0.9756549141916453,1.7087440937757492e-06,0.013015514933512615,76974.755154174,0.0,0.0
NASA,Trend_Prior_l2,baseline,False,validation,4,0.011939765972128076,0.007993672473270295,1.023756926718732,0.9756549141916453,1.7087440937757492e-06,0.013015514933512615,76974.755154174,0.0,0.0
NASA,VMD-TCN,VMD-TCN,True,test,4,0.08401746512949872,0.07222609451844222,9.468319233715787,0.014575366322225669,0.5563884568400681,0.04693023691588959,21308.553149007494,3457.0,0.013187408447265625
NASA,VMD-TCN,VMD-TCN,True,validation,4,0.0837843811028254,0.07249756109486123,9.525779817208328,0.025507405336363476,0.5563884568400681,0.04693023691588959,21308.553149007494,3457.0,0.013187408447265625
NASA,VMD-XGBoost,VMD-XGBoost,True,test,4,0.016652798188896863,0.011675587027213916,1.55572300712656,0.9609696615350363,0.2510875007137656,0.0008362070046713451,1201738.8407091931,0.0,0.0
NASA,VMD-XGBoost,VMD-XGBoost,True,validation,4,0.01846093896996143,0.012831393679237895,1.7456068616237148,0.949708290962082,0.2510875007137656,0.0008362070046713451,1201738.8407091931,0.0,0.0
NASA,XGBoost,XGBoost,False,test,4,0.01551462545978674,0.01026161799275061,1.379881937971211,0.966573777844996,0.08297987375408411,0.0007630445174247486,1319153.9384472102,0.0,0.0
NASA,XGBoost,XGBoost,False,validation,4,0.01712389106189287,0.011069646294259135,1.5312387756017976,0.9563392908694293,0.08297987375408411,0.0007630445174247486,1319153.9384472102,0.0,0.0
